{
  "Profiles": [
    {
      "Link Color": {
        "Red Component": 0,
        "Color Space": "sRGB",
        "Blue Component": 0.73423302173614502,
        "Alpha Component": 1,
        "Green Component": 0.35916060209274292
      },
      "Tags": [],
      "Ansi 12 Color": {
        "Green Component": 0.56231993436813354,
        "Red Component": 0.48961970210075378,
        "Blue Component": 0.64197766780853271
      },
      "Ansi 7 Color": {
        "Green Component": 0.7223970890045166,
        "Red Component": 0.70114260911941528,
        "Blue Component": 0.76466917991638184
      },
      "Ansi 8 Color": {
        "Green Component": 0,
        "Red Component": 0,
        "Blue Component": 0
      },
      "Bold Color": {
        "Green Component": 0.7223970890045166,
        "Red Component": 0.70114260911941528,
        "Blue Component": 0.76466917991638184
      },
      "Ansi 9 Color": {
        "Green Component": 0.29435792565345764,
        "Red Component": 0.68855589628219604,
        "Blue Component": 0.34168940782546997
      },
      "Ansi 1 Color": {
        "Green Component": 0.29435792565345764,
        "Red Component": 0.68855589628219604,
        "Blue Component": 0.34168940782546997
      },
      "Horizontal Spacing": 1,
      "Rows": 25,
      "Default Bookmark": "No",
      "Cursor Guide Color": {
        "Red Component": 0.70213186740875244,
        "Color Space": "sRGB",
        "Blue Component": 1,
        "Alpha Component": 0.25,
        "Green Component": 0.9268307089805603
      },
      "Non-ASCII Anti Aliased": true,
      "Use Bright Bold": true,
      "Ansi 10 Color": {
        "Green Component": 0.70098340511322021,
        "Red Component": 0.53060799837112427,
        "Blue Component": 0.47588583827018738
      },
      "Ambiguous Double Width": false,
      "Jobs to Ignore": ["rlogin", "ssh", "slogin", "telnet"],
      "Ansi 15 Color": {
        "Green Component": 0.99997437000274658,
        "Red Component": 1,
        "Blue Component": 0.99999129772186279
      },
      "Foreground Color": {
        "Green Component": 0.7223970890045166,
        "Red Component": 0.70114260911941528,
        "Blue Component": 0.76466917991638184
      },
      "Working Directory": "~",
      "Blinking Cursor": false,
      "Disable Window Resizing": true,
      "Sync Title": false,
      "Prompt Before Closing 2": false,
      "BM Growl": true,
      "Command": "",
      "Custom Window Title": "",
      "Description": "Default",
      "Mouse Reporting": true,
      "Screen": -1,
      "Selection Color": {
        "Green Component": 0.093883504986325111,
        "Red Component": 0.084356146069802213,
        "Blue Component": 0.11851315045248867
      },
      "Initial Use Transparency": false,
      "Columns": 80,
      "Idle Code": 0,
      "Ansi 13 Color": {
        "Green Component": 0.47595584392547607,
        "Red Component": 0.64289009571075439,
        "Blue Component": 0.58959203958511353
      },
      "Title Components": 2,
      "Brighten Bold Text": false,
      "Custom Command": "No",
      "Use Custom Window Title": false,
      "ASCII Anti Aliased": true,
      "Non Ascii Font": "Monaco 12",
      "Vertical Spacing": 1,
      "Use Bold Font": true,
      "Option Key Sends": 0,
      "Selected Text Color": {
        "Green Component": 0.7223970890045166,
        "Red Component": 0.70114260911941528,
        "Blue Component": 0.76466917991638184
      },
      "Background Color": {
        "Green Component": 0.14036393165588379,
        "Red Component": 0.12669175863265991,
        "Blue Component": 0.17562951147556305
      },
      "Character Encoding": 4,
      "Ansi 11 Color": {
        "Green Component": 0.75577861070632935,
        "Red Component": 0.89902031421661377,
        "Blue Component": 0.47280269861221313
      },
      "Use Italic Font": false,
      "Unlimited Scrollback": true,
      "Keyboard Map": {
        "0xf700-0x260000": {
          "Action": 10,
          "Text": "[1;6A"
        },
        "0x37-0x40000": {
          "Action": 11,
          "Text": "0x1f"
        },
        "0x32-0x40000": {
          "Action": 11,
          "Text": "0x00"
        },
        "0xf709-0x20000": {
          "Action": 10,
          "Text": "[17;2~"
        },
        "0xf70c-0x20000": {
          "Action": 10,
          "Text": "[20;2~"
        },
        "0xf729-0x20000": {
          "Action": 10,
          "Text": "[1;2H"
        },
        "0xf72b-0x40000": {
          "Action": 10,
          "Text": "[1;5F"
        },
        "0xf705-0x20000": {
          "Action": 10,
          "Text": "[1;2Q"
        },
        "0xf703-0x260000": {
          "Action": 10,
          "Text": "[1;6C"
        },
        "0xf700-0x220000": {
          "Action": 10,
          "Text": "[1;2A"
        },
        "0xf701-0x280000": {
          "Action": 11,
          "Text": "0x1b 0x1b 0x5b 0x42"
        },
        "0x38-0x40000": {
          "Action": 11,
          "Text": "0x7f"
        },
        "0x33-0x40000": {
          "Action": 11,
          "Text": "0x1b"
        },
        "0xf703-0x220000": {
          "Action": 10,
          "Text": "[1;2C"
        },
        "0xf701-0x240000": {
          "Action": 10,
          "Text": "[1;5B"
        },
        "0xf70d-0x20000": {
          "Action": 10,
          "Text": "[21;2~"
        },
        "0xf702-0x260000": {
          "Action": 10,
          "Text": "[1;6D"
        },
        "0xf729-0x40000": {
          "Action": 10,
          "Text": "[1;5H"
        },
        "0xf706-0x20000": {
          "Action": 10,
          "Text": "[1;2R"
        },
        "0x34-0x40000": {
          "Action": 11,
          "Text": "0x1c"
        },
        "0xf700-0x280000": {
          "Action": 11,
          "Text": "0x1b 0x1b 0x5b 0x41"
        },
        "0x2d-0x40000": {
          "Action": 11,
          "Text": "0x1f"
        },
        "0xf70e-0x20000": {
          "Action": 10,
          "Text": "[23;2~"
        },
        "0xf702-0x220000": {
          "Action": 10,
          "Text": "[1;2D"
        },
        "0xf703-0x280000": {
          "Action": 11,
          "Text": "0x1b 0x1b 0x5b 0x43"
        },
        "0xf700-0x240000": {
          "Action": 10,
          "Text": "[1;5A"
        },
        "0xf707-0x20000": {
          "Action": 10,
          "Text": "[1;2S"
        },
        "0xf70a-0x20000": {
          "Action": 10,
          "Text": "[18;2~"
        },
        "0x35-0x40000": {
          "Action": 11,
          "Text": "0x1d"
        },
        "0xf70f-0x20000": {
          "Action": 10,
          "Text": "[24;2~"
        },
        "0xf703-0x240000": {
          "Action": 10,
          "Text": "[1;5C"
        },
        "0xf701-0x260000": {
          "Action": 10,
          "Text": "[1;6B"
        },
        "0xf702-0x280000": {
          "Action": 11,
          "Text": "0x1b 0x1b 0x5b 0x44"
        },
        "0xf72b-0x20000": {
          "Action": 10,
          "Text": "[1;2F"
        },
        "0x36-0x40000": {
          "Action": 11,
          "Text": "0x1e"
        },
        "0xf708-0x20000": {
          "Action": 10,
          "Text": "[15;2~"
        },
        "0xf701-0x220000": {
          "Action": 10,
          "Text": "[1;2B"
        },
        "0xf70b-0x20000": {
          "Action": 10,
          "Text": "[19;2~"
        },
        "0xf702-0x240000": {
          "Action": 10,
          "Text": "[1;5D"
        },
        "0xf704-0x20000": {
          "Action": 10,
          "Text": "[1;2P"
        }
      },
      "Window Type": 0,
      "Background Image Location": "",
      "Blur": false,
      "Badge Color": {
        "Red Component": 1,
        "Color Space": "sRGB",
        "Blue Component": 0,
        "Alpha Component": 0.5,
        "Green Component": 0.1491314172744751
      },
      "Scrollback Lines": 0,
      "Send Code When Idle": false,
      "Close Sessions On End": true,
      "Terminal Type": "xterm-256color",